/* Here are the requirements for our example database:

The International Language School is a language training school.
It offers language classes for corporate clients, which can be conducted at the School or at the offices of the client as they prefer. 
The School employs teachers, each of whom may teach multiple courses.
The School has clients, each of whom may offer multiple courses via the school. 
Clients offer courses to their employees, who have the option to participate.
Each course is offered by one client. 
Each course has one teacher at any given time.
Participants in the courses are employees of the client companies, i.e. they work for the client companies. 
Each participant can be employed by one company at a time. 
Participants may be enrolled in more than one course.
see: https://towardsdatascience.com/designing-a-relational-database-and-creating-an-entity-relationship-diagram-89c1c19320b2
*/ 


#############################
#      CREATE THE DB        #
#############################
# doomsday!

DROP DATABASE IF EXISTS school;
CREATE DATABASE school;
USE school;

#############################
#      CREATE THE TABLES    #
#############################


-- STEP 1 teacher

CREATE TABLE teacher(
teacher_id INT PRIMARY KEY,
first_name VARCHAR(40) NOT NULL,
last_name VARCHAR(40) NOT NULL,
language_1 VARCHAR(3) NOT NULL, 
language_2 VARCHAR(3),
dob date,
tax_id INT UNIQUE,
phone_no VARCHAR(20)
);


-- STEP 2: create the tables client, participants, course

CREATE TABLE client(
client_id INT PRIMARY KEY,
client_name VARCHAR(40) NOT NULL,
address VARCHAR(40) NOT NULL,
industry VARCHAR(40)
);

CREATE TABLE participant (
  participant_id INT PRIMARY KEY,
  first_name VARCHAR(40) NOT NULL,
  last_name VARCHAR(40) NOT NULL,
  phone_no VARCHAR(20),
  client INT
);

CREATE TABLE IF NOT EXISTS course(
course_id INT PRIMARY KEY,
course_name VARCHAR(40) NOT NULL,
language VARCHAR (3) NOT NULL,
level VARCHAR(2),
course_lemgth_weeks INT,
start_date DATE,
in_school BOOLEAN,
teacher INT,
client INT
);


###################################
#      CREATE THE RELATIONHIPS    #
###################################

ALTER TABLE participant
ADD FOREIGN KEY(client)
REFERENCES client(client_id)
ON DELETE SET NULL;

ALTER TABLE course
ADD FOREIGN KEY(teacher)
REFERENCES teacher(teacher_id)
ON DELETE CASCADE;

ALTER TABLE course
ADD FOREIGN KEY(client)
REFERENCES client(client_id)
ON DELETE SET NULL;

CREATE TABLE takes_course(
participant_id INT ,
course_id INT,
PRIMARY KEY(participant_id, course_id),
FOREIGN KEY(participant_id)REFERENCES participant(participant_id) ON DELETE CASCADE,
FOREIGN KEY(course_id)REFERENCES course(course_id) ON DELETE CASCADE
);

###################################
#      POPULATE THE DATABASE      #
###################################

INSERT INTO teacher VALUES
(1, 'James', 'Smith', 'ENG', NULL, '1985-04-20', 12345, '+491774553676');

-- Partial inserts
INSERT INTO teacher(teacher_id, first_name, last_name, language_1)
VALUES(2, 'Alice', 'Albot', 'FRA');


-- Delete records
DELETE FROM teacher WHERE teacher_id = 2;


-- Update records

UPDATE teacher
SET last_name = 'Jones'
WHERE teacher_id = 1;


-- Massive population!
INSERT INTO teacher VALUES
(2, 'Stefanie',  'Martin',  'FRA', NULL,  '1970-02-17', 23456, '+491234567890'), 
(3, 'Steve', 'Wang',  'MAN', 'ENG', '1990-11-12', 34567, '+447840921333'),
(4, 'Friederike',  'Müller-Rossi', 'DEU', 'ITA', '1987-07-07',  45678, '+492345678901'),
(5, 'Isobel', 'Ivanova', 'RUS', 'ENG', '1963-05-30',  56789, '+491772635467'),
(6, 'Niamh', 'Murphy', 'ENG', 'IRI', '1995-09-08',  67890, '+491231231232');
INSERT INTO client VALUES
(101, 'Big Business Federation', '123 Falschungstraße, 10999 Berlin', 'NGO'),
(102, 'eCommerce GmbH', '27 Ersatz Allee, 10317 Berlin', 'Retail'),
(103, 'AutoMaker AG',  '20 Künstlichstraße, 10023 Berlin', 'Auto'),
(104, 'Banko Bank',  '12 Betrugstraße, 12345 Berlin', 'Banking'),
(105, 'WeMoveIt GmbH', '138 Arglistweg, 10065 Berlin', 'Logistics');

INSERT INTO participant VALUES
(101, 'Marina', 'Berg','491635558182', 101),
(102, 'Andrea', 'Duerr', '49159555740', 101),
(103, 'Philipp', 'Probst',  '49155555692', 102),
(104, 'René',  'Brandt',  '4916355546',  102),
(105, 'Susanne', 'Shuster', '49155555779', 102),
(106, 'Christian', 'Schreiner', '49162555375', 101),
(107, 'Harry', 'Kim', '49177555633', 101),
(108, 'Jan', 'Nowak', '49151555824', 101),
(109, 'Pablo', 'Garcia',  '49162555176', 101),
(110, 'Melanie', 'Dreschler', '49151555527', 103),
(111, 'Dieter', 'Durr',  '49178555311', 103),
(112, 'Max', 'Mustermann', '49152555195', 104),
(113, 'Maxine', 'Mustermann', '49177555355', 104),
(114, 'Heiko', 'Fleischer', '49155555581', 105);

INSERT INTO course VALUES
(12, 'English for Logistics', 'ENG', 'A1', 10, '2020-02-01', TRUE,  1, 105),
(13, 'Beginner English', 'ENG', 'A2', 40, '2019-11-12',  FALSE, 6, 101),
(14, 'Intermediate English', 'ENG', 'B2', 40, '2019-11-12', FALSE, 6, 101),
(15, 'Advanced English', 'ENG', 'C1', 40, '2019-11-12', FALSE, 6, 101),
(16, 'Mandarin für Autoindustrie', 'MAN', 'B1', 15, '2020-01-15', TRUE, 3, 103),
(17, 'Français intermédiaire', 'FRA', 'B1',  18, '2020-04-03', FALSE, 2, 101),
(18, 'Deutsch für Anfänger', 'DEU', 'A2', 8, '2020-02-14', TRUE, 4, 102),
(19, 'Intermediate English', 'ENG', 'B2', 10, '2020-03-29', FALSE, 1, 104),
(20, 'Fortgeschrittenes Russisch', 'RUS', 'C1',  4, '2020-04-08',  FALSE, 5, 103);

INSERT INTO takes_course VALUES
(101, 15),
(101, 17),
(102, 17),
(103, 18),
(104, 18),
(105, 18),
(106, 13),
(107, 13),
(108, 13),
(109, 14),
(109, 15),
(110, 16),
(110, 20),
(111, 16),
(114, 12),
(112, 19),
(113, 19);

###################################
#           PLAY AROUND           #
###################################

SELECT * FROM participant


